phase	round	retained_index	order	case	lane	candidate	verdict	returnvalue	exitsignal	terminationreason	walltime_seconds	cputime_seconds	memory_bytes
warmup	1	0	1	fannkuch-redux	one-core	typerb-native	pass	0			100.74688859399998	100.735874	524288
warmup	1	0	2	fannkuch-redux	one-core	typerb-go	pass	0			46.13747162100003	46.130569	3215360
warmup	1	0	3	fannkuch-redux	one-core	c	pass	0			27.904535876000068	27.89967	659456
warmup	1	0	4	fannkuch-redux	one-core	cpp	pass	0			24.982863689000055	24.978689	679936
warmup	1	0	5	fannkuch-redux	one-core	go	pass	0			24.662896401000012	24.645449	2654208
warmup	1	0	6	fannkuch-redux	one-core	rust	pass	0			24.87005160600006	24.865921	1212416
warmup	1	0	7	fannkuch-redux	one-core	java	pass	0			24.61933597899997	24.571638	49790976
warmup	2	0	1	fannkuch-redux	one-core	typerb-go	pass	0			46.04811483499998	46.040374	3010560
warmup	2	0	2	fannkuch-redux	one-core	c	pass	0			27.490082076000135	27.48499	524288
warmup	2	0	3	fannkuch-redux	one-core	cpp	pass	0			24.95588533099999	24.952023	692224
warmup	2	0	4	fannkuch-redux	one-core	go	pass	0			24.61745810100001	24.607014	2654208
warmup	2	0	5	fannkuch-redux	one-core	rust	pass	0			24.838453340000115	24.834521	1204224
warmup	2	0	6	fannkuch-redux	one-core	java	pass	0			24.485372909000034	24.444652	49545216
warmup	2	0	7	fannkuch-redux	one-core	typerb-native	pass	0			100.75912237900002	100.748999	524288
retained	3	1	1	fannkuch-redux	one-core	c	pass	0			27.290017054999907	27.285021	524288
retained	3	1	2	fannkuch-redux	one-core	cpp	pass	0			24.962398033	24.958665	692224
retained	3	1	3	fannkuch-redux	one-core	go	pass	0			24.606058694000012	24.596181	2637824
retained	3	1	4	fannkuch-redux	one-core	rust	pass	0			24.88197323700001	24.877014	1204224
retained	3	1	5	fannkuch-redux	one-core	java	pass	0			24.4592335320001	24.41753	49795072
retained	3	1	6	fannkuch-redux	one-core	typerb-native	pass	0			100.78899751999984	100.778819	524288
retained	3	1	7	fannkuch-redux	one-core	typerb-go	pass	0			46.27538056399999	46.259972	3022848
retained	4	2	1	fannkuch-redux	one-core	cpp	pass	0			24.980834965999975	24.977025	700416
retained	4	2	2	fannkuch-redux	one-core	go	pass	0			24.60587265199979	24.59329	2646016
retained	4	2	3	fannkuch-redux	one-core	rust	pass	0			24.860666215000037	24.856645	1183744
retained	4	2	4	fannkuch-redux	one-core	java	pass	0			24.610732572000188	24.570159	48033792
retained	4	2	5	fannkuch-redux	one-core	typerb-native	pass	0			100.71934419800004	100.708585	524288
retained	4	2	6	fannkuch-redux	one-core	typerb-go	pass	0			45.94750577900004	45.939495	3031040
retained	4	2	7	fannkuch-redux	one-core	c	pass	0			27.903041175	27.898488	524288
retained	5	3	1	fannkuch-redux	one-core	go	pass	0			24.60635305599999	24.599149	2637824
retained	5	3	2	fannkuch-redux	one-core	rust	pass	0			24.862150291000034	24.857764	1216512
retained	5	3	3	fannkuch-redux	one-core	java	pass	0			24.549391957000125	24.509165	49582080
retained	5	3	4	fannkuch-redux	one-core	typerb-native	pass	0			100.75450203800028	100.745351	524288
retained	5	3	5	fannkuch-redux	one-core	typerb-go	pass	0			45.99879794200024	45.965989	3022848
retained	5	3	6	fannkuch-redux	one-core	c	pass	0			27.905277403999662	27.899786	655360
retained	5	3	7	fannkuch-redux	one-core	cpp	pass	0			24.98146233699981	24.97629	671744
retained	6	4	1	fannkuch-redux	one-core	rust	pass	0			24.874267411000346	24.869908	1212416
retained	6	4	2	fannkuch-redux	one-core	java	pass	0			24.439525894000326	24.399207	49811456
retained	6	4	3	fannkuch-redux	one-core	typerb-native	pass	0			100.73870052400025	100.729165	524288
retained	6	4	4	fannkuch-redux	one-core	typerb-go	pass	0			46.080916607999825	46.072929	3022848
retained	6	4	5	fannkuch-redux	one-core	c	pass	0			27.488349025999923	27.48349	524288
retained	6	4	6	fannkuch-redux	one-core	cpp	pass	0			24.96274302699976	24.954364	782336
retained	6	4	7	fannkuch-redux	one-core	go	pass	0			24.615729245999773	24.60571	2641920
retained	7	5	1	fannkuch-redux	one-core	java	pass	0			24.536578268000085	24.49555	49545216
retained	7	5	2	fannkuch-redux	one-core	typerb-native	pass	0			100.7710697020002	100.760526	524288
retained	7	5	3	fannkuch-redux	one-core	typerb-go	pass	0			45.697516806000294	45.688144	3239936
retained	7	5	4	fannkuch-redux	one-core	c	pass	0			27.405887778000306	27.400887	524288
retained	7	5	5	fannkuch-redux	one-core	cpp	pass	0			24.953097084000092	24.948931	679936
retained	7	5	6	fannkuch-redux	one-core	go	pass	0			24.630871912999737	24.607979	2641920
retained	7	5	7	fannkuch-redux	one-core	rust	pass	0			24.874245974000132	24.870164	1232896
retained	8	6	1	fannkuch-redux	one-core	typerb-native	pass	0			100.72056256499991	100.710452	524288
retained	8	6	2	fannkuch-redux	one-core	typerb-go	pass	0			46.147941489999994	46.138555	3260416
retained	8	6	3	fannkuch-redux	one-core	c	pass	0			27.905206740000267	27.899259	524288
retained	8	6	4	fannkuch-redux	one-core	cpp	pass	0			24.981031625000014	24.976326	688128
retained	8	6	5	fannkuch-redux	one-core	go	pass	0			24.66525822800031	24.659165	2768896
retained	8	6	6	fannkuch-redux	one-core	rust	pass	0			24.879889148000075	24.875545	1212416
retained	8	6	7	fannkuch-redux	one-core	java	pass	0			24.446084067000356	24.403947	48238592
retained	9	7	1	fannkuch-redux	one-core	typerb-go	pass	0			46.224328066	46.21362	3268608
retained	9	7	2	fannkuch-redux	one-core	c	pass	0			28.338163383999927	28.333474	524288
retained	9	7	3	fannkuch-redux	one-core	cpp	pass	0			24.959360768999886	24.955206	745472
retained	9	7	4	fannkuch-redux	one-core	go	pass	0			24.62136258999999	24.607573	2633728
retained	9	7	5	fannkuch-redux	one-core	rust	pass	0			24.87371797300011	24.869572	1228800
retained	9	7	6	fannkuch-redux	one-core	java	pass	0			24.623283560000345	24.581986	48226304
retained	9	7	7	fannkuch-redux	one-core	typerb-native	pass	0			100.76788477299988	100.758399	524288
retained	10	8	1	fannkuch-redux	one-core	c	pass	0			27.29168418900008	27.286667	659456
retained	10	8	2	fannkuch-redux	one-core	cpp	pass	0			24.981329834000007	24.977143	667648
retained	10	8	3	fannkuch-redux	one-core	go	pass	0			24.650664430000234	24.642705	2650112
retained	10	8	4	fannkuch-redux	one-core	rust	pass	0			24.868649117000132	24.863917	1208320
retained	10	8	5	fannkuch-redux	one-core	java	pass	0			24.590425256000344	24.538906	49610752
retained	10	8	6	fannkuch-redux	one-core	typerb-native	pass	0			100.78696076000006	100.777719	524288
retained	10	8	7	fannkuch-redux	one-core	typerb-go	pass	0			46.1377432029999	46.12915	3031040
retained	11	9	1	fannkuch-redux	one-core	cpp	pass	0			24.951259415000095	24.947423	696320
retained	11	9	2	fannkuch-redux	one-core	go	pass	0			24.710951698999907	24.687942	2641920
retained	11	9	3	fannkuch-redux	one-core	rust	pass	0			24.86704392899992	24.862586	1196032
retained	11	9	4	fannkuch-redux	one-core	java	pass	0			24.61827876899997	24.568292	49598464
retained	11	9	5	fannkuch-redux	one-core	typerb-native	pass	0			100.74783138500015	100.735835	524288
retained	11	9	6	fannkuch-redux	one-core	typerb-go	pass	0			45.80356821799978	45.787829	3022848
retained	11	9	7	fannkuch-redux	one-core	c	pass	0			27.295228296999994	27.289959	524288
retained	12	10	1	fannkuch-redux	one-core	go	pass	0			24.651892969000073	24.644594	2633728
retained	12	10	2	fannkuch-redux	one-core	rust	pass	0			24.867157366000356	24.863094	1212416
retained	12	10	3	fannkuch-redux	one-core	java	pass	0			24.434872784000163	24.393395	48222208
retained	12	10	4	fannkuch-redux	one-core	typerb-native	pass	0			100.79165704800016	100.781262	524288
retained	12	10	5	fannkuch-redux	one-core	typerb-go	pass	0			46.12612119200003	46.116808	3207168
retained	12	10	6	fannkuch-redux	one-core	c	pass	0			27.48606117500003	27.480463	524288
retained	12	10	7	fannkuch-redux	one-core	cpp	pass	0			24.958035913999993	24.953957	684032
retained	13	11	1	fannkuch-redux	one-core	rust	pass	0			24.871324950999224	24.865283	1208320
retained	13	11	2	fannkuch-redux	one-core	java	pass	0			24.608264905000397	24.568841	48230400
retained	13	11	3	fannkuch-redux	one-core	typerb-native	pass	0			100.74054879699997	100.730087	524288
retained	13	11	4	fannkuch-redux	one-core	typerb-go	pass	0			45.607983811999475	45.600752	3063808
retained	13	11	5	fannkuch-redux	one-core	c	pass	0			27.90129257100034	27.896347	524288
retained	13	11	6	fannkuch-redux	one-core	cpp	pass	0			24.98149347800063	24.977535	688128
retained	13	11	7	fannkuch-redux	one-core	go	pass	0			24.581308343000273	24.571881	2629632
